<?xml version="1.0" encoding="UTF-8"?>
<project-private xmlns="http://www.netbeans.org/ns/project-private/1">
    <editor-bookmarks xmlns="http://www.netbeans.org/ns/editor-bookmarks/2" lastBookmarkId="0"/>
    <open-files xmlns="http://www.netbeans.org/ns/projectui-open-files/2">
        <group>
            <file>file:/C:/Users/lebom/OneDrive/Documents/NetBeansProjects/InventoryManagementSystem/src/inventorymanagementsystem/InventoryManagementSystem.java</file>
            <file>file:/C:/Users/lebom/OneDrive/Documents/NetBeansProjects/InventoryManagementSystem/src/inventorymanagementsystem/Product.java</file>
            <file>file:/C:/Users/lebom/OneDrive/Documents/NetBeansProjects/InventoryManagementSystem/test/inventorymanagementsystem/InventorymanagementsystemSuite.java</file>
            <file>file:/C:/Users/lebom/OneDrive/Documents/NetBeansProjects/InventoryManagementSystem/test/inventorymanagementsystem/ItemTest.java</file>
            <file>file:/C:/Users/lebom/OneDrive/Documents/NetBeansProjects/InventoryManagementSystem/test/inventorymanagementsystem/InventoryTest.java</file>
            <file>file:/C:/Users/lebom/OneDrive/Documents/NetBeansProjects/InventoryManagementSystem/test/inventorymanagementsystem/ProductTest.java</file>
            <file>file:/C:/Users/lebom/OneDrive/Documents/NetBeansProjects/InventoryManagementSystem/src/inventorymanagementsystem/Inventory.java</file>
            <file>file:/C:/Users/lebom/OneDrive/Documents/NetBeansProjects/InventoryManagementSystem/src/inventorymanagementsystem/Item.java</file>
            <file>file:/C:/Users/lebom/OneDrive/Documents/NetBeansProjects/InventoryManagementSystem/test/inventorymanagementsystem/InventoryManagementSystemTest.java</file>
        </group>
    </open-files>
</project-private>
